74-7106023,Philip,Gray,23 Pine View Drive,07-Apr-1983
96-7750089,Phyllis,Gray,2 Toban Park,27-May-1968
09-8537696,Anthony,Rose,85 American Trail,09-Jan-1972
78-9880922,Cynthia,Williamson,64749 Esch Road,12-Aug-2000
70-1339907,Julie,Martinez,73898 Hauk Park,16-Sep-1994
48-0581280,Bruce,Cole,559 Oak Valley Junction,25-May-2005
03-3533547,Christopher,Warren,6110 Farmco Hill,28-Dec-1969
50-8747250,Wanda,Roberts,4960 Elmside Pass,11-Apr-1998
18-2126667,Lawrence,Richards,59 Canary Pass,03-Nov-2003
10-8320280,Robert,George,65864 Dottie Avenue,16-Jul-1994
66-2144855,Barbara,Long,7156 Everett Circle,18-Dec-1970
90-7596467,Michael,Payne,776 Dennis Plaza,23-Jul-1991
29-6694070,Virginia,Miller,4 Tennyson Road,23-Dec-1980
28-3725182,Rachel,Fields,68791 Vernon Lane,24-Feb-1993
85-4680147,Mary,Phillips,834 Hazelcrest Circle,14-Jan-1996
09-2847408,Catherine,Mason,035 Green Place,05-Feb-1976
51-5197523,Jerry,Harvey,01 Jana Court,14-May-1977
57-7601183,William,Fuller,867 Prairieview Lane,09-Dec-1980
87-2976235,Andrea,Parker,65912 Towne Street,19-Apr-1979
54-1727957,Diana,Gonzalez,22944 Sauthoff Way,05-May-1992
09-7274562,Rose,Carpenter,58 Banding Parkway,02-Sep-1998
20-6203007,Ruth,Murray,9 Norway Maple Hill,09-Oct-1978
46-8252541,Barbara,Perez,80 Holmberg Trail,20-Jul-1986
99-9967890,Stephen,Marshall,4079 Derek Parkway,05-Nov-1974
71-4256104,Brenda,Reyes,9 East Lane,08-Nov-1970
72-6332587,Carl,Jenkins,17 Cascade Street,24-Jan-1975
43-7986803,Nicole,Howard,70667 Anderson Crossing,11-Jan-1981
24-1599245,Sarah,Dixon,71 Esch Way,20-Mar-1996
19-1930790,Janice,Jackson,74 Glacier Hill Circle,08-May-2001
86-8135739,Ronald,Campbell,540 Jenna Place,14-Nov-1968
49-3350023,Jennifer,Gibson,63698 Harbort Center,31-Jul-1976
18-5548390,William,Stone,2 Browning Road,09-Sep-1967
16-9961863,Carlos,Reyes,1 Monica Lane,09-Sep-2005
05-7253133,Kathy,Johnson,932 Golf Course Road,28-Aug-1975
40-8229528,Angela,Ferguson,21937 Sugar Court,12-Dec-1993
25-9316328,Harold,Willis,5 Sutherland Drive,18-Jul-1991
53-6790180,James,Ward,85014 Continental Crossing,19-Mar-2000
02-0389880,Nicholas,Hamilton,09681 Milwaukee Court,20-Mar-1999
76-6576723,Victor,Wright,0 Oriole Place,27-Feb-1978
57-9084668,Ruby,Wagner,69 Sutherland Alley,11-Mar-1968
55-3966212,Wanda,Richards,4096 Rieder Drive,24-Feb-1996
25-6999384,Louis,Black,11 Farmco Center,09-Sep-1997
38-8914036,Anne,Harris,68 4th Way,28-Mar-1974
93-1857519,Richard,Armstrong,9619 Porter Plaza,23-Mar-2001
67-4657282,Norma,Stevens,41494 Bartelt Avenue,01-Mar-1985
52-1402695,Lillian,Ramirez,03 Waubesa Terrace,27-Jul-1969
64-0261378,Rose,Ford,943 La Follette Place,08-Mar-1982
60-6439855,Arthur,Daniels,2098 Raven Place,04-Nov-1969
77-6789968,Shawn,Brown,9144 6th Alley,07-Jan-1979
39-8565932,Janet,Turner,96 Londonderry Parkway,16-Sep-1976
68-0767799,Raymond,Day,02 Buena Vista Alley,29-Oct-2003
34-3978340,John,Bradley,92 Bartelt Junction,02-May-1998
82-4738936,Sandra,Wagner,90140 Namekagon Parkway,06-Aug-1993
66-4770153,Laura,Allen,29 Moland Crossing,30-Oct-1967
39-1359177,Eric,Edwards,46 Forest Dale Road,11-Jan-1984
70-9815850,Jonathan,Schmidt,53 Daystar Park,09-Aug-1981
98-2406613,Victor,Ward,782 Barby Street,16-Oct-1966
15-2704695,Stephanie,Watson,00 Bartillon Junction,09-Sep-1985
80-3448721,Christopher,Meyer,1 Lake View Way,06-Oct-1998
16-6340402,Samuel,Crawford,2496 Alpine Plaza,29-Apr-1997
81-4697941,Ruth,Young,4 Sheridan Plaza,04-Mar-1994
15-0349527,Frank,Nguyen,4 Orin Junction,22-Oct-1984
53-4267039,Annie,Flores,70465 Dexter Way,19-Jan-1993
34-0134486,Evelyn,Marshall,551 Alpine Trail,24-Mar-2004
68-6266069,Diane,Wagner,13275 Glendale Street,22-Feb-1994
02-0913246,Joseph,Miller,046 Twin Pines Drive,03-Jun-1984
66-1582926,Justin,Ryan,865 Burning Wood Center,27-Mar-1993
88-2653398,Carl,Bishop,7 Hoffman Parkway,29-May-1996
61-2661309,Larry,Adams,45 Esch Circle,17-Feb-1980
51-3790897,Craig,Chavez,1 Nelson Drive,02-Nov-1975
58-7997532,Ryan,Cook,68067 Thompson Place,03-Jun-1972
39-4327704,Elizabeth,Anderson,715 Golf Course Circle,29-Dec-1970
19-0616122,Eugene,Walker,36 Victoria Terrace,04-Feb-1972
56-8392646,Jean,Hart,039 Hermina Drive,28-Aug-1977
22-7682245,Roger,Snyder,03 East Circle,12-Nov-2002
35-4419933,Nicholas,Tucker,27 Ramsey Trail,02-Sep-1968
46-8637154,Wayne,Anderson,7334 Spenser Terrace,17-May-2002
04-5397246,Raymond,Diaz,16 New Castle Park,06-Sep-1993
24-5737141,Julie,Richardson,98 Fremont Point,04-Dec-1971
61-7381504,Arthur,Medina,2 Farragut Center,11-Feb-1983
03-4899510,Sara,Nguyen,79 Autumn Leaf Avenue,11-Oct-1988
13-0485067,Kevin,Thomas,19208 Grim Circle,25-Jun-1974
47-2267839,Tammy,Kim,5479 Crescent Oaks Plaza,06-Nov-1982
36-0914105,Michael,Ferguson,2 8th Circle,05-Aug-1990
02-2145362,Laura,Taylor,91 Anhalt Plaza,18-Oct-2001
44-4998020,Matthew,Ross,3473 1st Avenue,23-Dec-1986
03-8291270,Marilyn,Carroll,36273 Eastlawn Junction,20-Dec-1967
11-8477060,Sara,Nichols,41 Manufacturers Pass,11-Apr-1988
98-2302725,Janet,Jenkins,64161 Anthes Junction,27-May-1981
62-4898532,Kimberly,Richards,0781 Sachtjen Crossing,27-Dec-1977
73-9191773,Shawn,Stevens,05 Stang Alley,15-Mar-1969
89-4331541,Thomas,Rodriguez,82 Michigan Hill,26-Nov-1974
56-7290933,Howard,Payne,95686 Kings Park,06-Mar-1989
23-2775997,Ruby,Pierce,7647 Cascade Lane,10-Jul-1982
88-6451493,Christopher,Ramirez,99798 Hansons Way,29-Nov-1978
43-9342252,Daniel,Owens,39 American Ash Parkway,12-Oct-1988
74-1402423,Martin,Kelly,11 Oak Plaza,08-Feb-1976
39-5084912,Helen,Mccoy,2 Blackbird Center,24-Feb-1979
20-3942296,Randy,Carter,01 Colorado Court,18-Oct-1973
95-9338097,Jane,Greene,898 Division Junction,09-Aug-1995
49-4840610,Albert,Bradley,2 Aberg Center,25-Sep-1976
29-8547754,Marilyn,Crawford,78 Bartillon Lane,16-Jan-1969
47-0255820,Sara,Holmes,8632 Blue Bill Park Hill,22-Mar-1994
57-7532575,Edward,Walker,44965 Park Meadow Avenue,22-Sep-1977
46-2803607,Craig,Burton,84 Anzinger Parkway,09-Sep-1971
04-6584498,Stephen,Robinson,425 Moland Crossing,24-Apr-1998
55-8374211,Jesse,Warren,60441 Darwin Trail,31-Jan-2001
97-5704910,Mary,Young,08 Ridgeview Junction,16-Feb-1979
95-2043866,Janet,Mccoy,5 Judy Parkway,12-Nov-1995
96-6653158,Marie,Lynch,8310 Donald Plaza,11-Jun-1972
97-7381779,Shawn,Stanley,58 Miller Avenue,16-Feb-2001
34-4805605,Gregory,Harrison,4077 Mallard Court,30-Oct-1966
83-4434829,Chris,Lee,29989 Corry Court,12-Oct-1966
73-4932749,Dennis,Tucker,793 Sunbrook Plaza,02-Jul-1994
23-3805570,Tammy,Bradley,512 Kedzie Crossing,17-Apr-1977
41-2697891,Jeffrey,Thompson,6 Maple Wood Alley,10-Jun-1998
58-9908205,Ryan,Mcdonald,352 Eastlawn Parkway,13-Mar-1993
77-4455353,Michelle,Ramirez,91 Farwell Court,12-Nov-1971
80-4634867,Julia,Wood,466 Hazelcrest Court,14-May-1986
54-3077741,Patrick,Kelley,013 Moland Street,24-Jun-1999
85-8830718,Wanda,Cox,794 Fisk Court,11-Jun-1978
54-7695152,Jacqueline,Watkins,70991 Grover Crossing,22-Apr-1966
64-2495644,Cheryl,Flores,455 Thackeray Junction,07-Feb-2003
49-5124443,Bruce,Hawkins,68159 Lerdahl Pass,15-Sep-2000
39-3516436,Anne,Gilbert,11994 Forest Hill,09-Jun-1980
56-1602862,Roger,Green,1588 Derek Drive,15-Sep-2000
06-7930188,Cheryl,Fernandez,5952 Stuart Circle,04-Jan-1989
69-4285754,Robin,Cox,71865 Ronald Regan Alley,29-May-1976
29-1087942,Gloria,Burns,134 Sutteridge Way,19-Mar-1973
15-2277532,Margaret,Moore,8 West Alley,17-Feb-1968
66-2494793,Rebecca,Wright,361 Sommers Hill,21-Oct-2002
06-5157629,Jennifer,Griffin,7056 Jenifer Parkway,23-Sep-1982
40-3128435,Diane,Williamson,93 Nevada Parkway,01-Mar-2005
76-8214091,Debra,Hawkins,21 Scoville Plaza,13-Oct-1991
96-7325508,Peter,Fox,03404 Walton Court,08-Nov-1965
35-6261446,Beverly,Patterson,2634 Artisan Center,04-Jul-1997
29-0984924,Harold,Watson,0 Arrowood Pass,04-Jan-1991
33-4747686,Angela,Hart,0 Daystar Road,15-Feb-1988
80-9191537,Robert,Hawkins,282 Superior Center,15-Jan-1986
51-2405590,Howard,Wallace,87550 Upham Street,24-Nov-1993
29-2664929,Anna,Garrett,69395 Carberry Junction,09-Jan-1991
96-8650353,Gary,Morrison,983 Green Park,16-Mar-1991
56-7453360,Marie,Hunter,71 Pine View Point,04-Jan-2000
92-9864812,Virginia,Edwards,6 Tennessee Way,08-Jul-1969
74-5774352,Linda,Fernandez,89 Brickson Park Road,20-May-1996
20-2580251,Margaret,Stone,75 Texas Circle,20-Jun-1997
08-7067203,Diane,Hicks,3 Pearson Avenue,20-Sep-1999
90-1891902,Lisa,Wallace,3818 Melrose Pass,10-Aug-1982
21-2375922,Shirley,Garrett,7 Fulton Trail,25-Mar-1997
67-5401409,Wayne,Fox,35642 7th Trail,30-Mar-1994
28-9040657,Alice,Hughes,2 Sloan Plaza,29-May-1968
14-5250683,Frank,Gonzales,3758 Acker Road,06-Apr-1980
89-5557628,Louise,Morrison,62180 Welch Lane,21-Sep-1987
36-0813039,Jeffrey,Stone,9931 Clarendon Terrace,22-Jul-1979
01-8311735,Julie,Snyder,0 Schmedeman Terrace,25-Apr-1978
59-8618152,Joyce,Evans,38753 Old Gate Place,08-Feb-2004
08-2488910,Dorothy,Adams,88 Kinsman Court,24-Mar-1987
00-2277522,Shawn,Griffin,0773 Jenifer Pass,10-Nov-2001
09-9974328,Marilyn,Gibson,91306 Dahle Crossing,25-Jan-1968
14-0630026,Elizabeth,Cruz,48 Fulton Avenue,24-Jul-1998
03-4596892,Catherine,Alexander,7081 Dexter Center,27-Mar-2001
07-6633033,Gregory,Gonzales,318 Macpherson Pass,14-Apr-1993
07-1074961,Laura,Bryant,4 Packers Street,15-Dec-1981
45-7393953,Joan,Cole,76 Muir Crossing,23-Jan-2000
06-1288648,Philip,Lopez,6223 Miller Terrace,10-Mar-1988
63-1835621,Lori,Dean,848 Westerfield Center,19-Sep-2000
65-3268546,Evelyn,Moreno,96922 Clarendon Center,16-Nov-1999
76-1397479,Louis,Hawkins,88 Barnett Road,23-Jan-1990
10-3206194,Craig,Welch,97955 Northfield Road,14-Nov-1975
20-1642869,Jimmy,Green,228 Homewood Street,14-Jan-2001
55-5480970,Patricia,Stone,804 Nancy Park,11-Mar-1993
90-3936387,Anthony,Moore,4 Gina Circle,05-Jun-1977
67-0099157,Henry,Coleman,66 Chive Crossing,26-May-1967
08-7271001,Albert,Jordan,634 Sullivan Center,26-Dec-1989
90-5577105,Shawn,Williams,03519 Village Green Parkway,06-Feb-1987
55-5893503,Philip,Larson,57716 High Crossing Terrace,24-Nov-1968
18-5786053,Emily,Rodriguez,5353 Randy Plaza,16-Nov-1965
31-4340760,Marie,Gordon,965 Russell Junction,13-Nov-1993
97-2073244,Paula,Mason,06141 Kim Way,31-May-1967
11-6858438,Phyllis,Wallace,3 2nd Place,22-Dec-2003
89-5486950,Gary,Ross,1 1st Street,01-Sep-1975
88-6181192,Patrick,Schmidt,43 Eastlawn Hill,31-Jul-1993
24-8519943,Joshua,Perkins,3 Moland Road,28-Jul-1968
61-2573138,Philip,Hanson,99 Sunnyside Road,20-Oct-1977
50-3687419,George,Martin,9806 Continental Street,18-Sep-1995
36-3612750,Donald,Russell,18 Sachtjen Lane,16-Mar-1998
00-0190592,Patricia,Jacobs,461 Spaight Circle,04-Aug-1996
59-4937050,Gregory,George,4611 Mockingbird Trail,18-Feb-2000
46-4215800,William,Price,94 Service Terrace,11-May-2004
31-7818194,Carlos,Richardson,33 Steensland Avenue,22-Apr-1996
68-2425076,Thomas,Johnston,796 Jay Junction,11-Jan-1981
95-8994521,Eric,Marshall,9 Pennsylvania Plaza,25-Mar-1970
70-2662583,Anne,Fields,22697 Columbus Parkway,09-Aug-1982
33-3610018,Teresa,Carr,1 Darwin Trail,08-Jun-1988
71-3068338,Mary,Gardner,04448 Marquette Road,19-Feb-2000
46-9328218,Jacqueline,Brown,371 Dwight Lane,24-Sep-1983
19-7795762,Linda,Nelson,2 Tomscot Point,16-Mar-1992
72-6557276,Laura,Greene,7410 Fairfield Road,29-Jul-1977
17-0056593,Ryan,Howard,564 Walton Point,14-May-1994
75-0943609,Raymond,Fields,93 Meadow Vale Parkway,10-Jun-1998
